Top ,,,,,
Pokemon,Number of votes,Cumaltive total,percent,no.pokemon,%pokemon
Charizard,1107,1107,2.10%,1,0.12%
Gengar,1056,2163,4.10%,2,0.25%
Arcanine,923,3086,5.85%,3,0.37%
Bulbasaur,710,3796,7.20%,4,0.49%
Blaziken,613,4409,8.36%,5,0.62%
Umbreon,607,5016,9.51%,6,0.74%
Lucario,604,5620,10.66%,7,0.87%
Gardevoir,585,6205,11.77%,8,0.99%
Eevee,581,6786,12.87%,9,1.11%
Dragonite,551,7337,13.92%,10,1.24%
Absol,542,7879,14.94%,11,1.36%
Typhlosion,534,8413,15.96%,12,1.48%
Ampharos,529,8942,16.96%,13,1.61%
Squirtle,523,9465,17.95%,14,1.73%
Flygon,510,9975,18.92%,15,1.85%
Ninetales,471,10446,19.81%,16,1.98%
Tyranitar,451,10897,20.67%,17,2.10%
Infernape,443,11340,21.51%,18,2.22%
Snorlax,433,11773,22.33%,19,2.35%
Torterra,430,12203,23.14%,20,2.47%
Luxray,429,12632,23.96%,21,2.60%
Scizor,424,13056,24.76%,22,2.72%
Blastoise,410,13466,25.54%,23,2.84%
Mudkip,404,13870,26.31%,24,2.97%
Garchomp,404,14274,27.07%,25,3.09%
Metagross,395,14669,27.82%,26,3.21%
Scyther,394,15063,28.57%,27,3.34%
Espeon,384,15447,29.30%,28,3.46%
Swampert,381,15828,30.02%,29,3.58%
Cyndaquil,377,16205,30.73%,30,3.71%
Alakazam,376,16581,31.45%,31,3.83%
Charmander,374,16955,32.16%,32,3.96%
Empoleon,346,17301,32.81%,33,4.08%
Sceptile,337,17638,33.45%,34,4.20%
Jolteon,335,17973,34.09%,35,4.33%
Cubone,321,18294,34.70%,36,4.45%
Rayquaza,316,18610,35.30%,37,4.57%
Aggron,313,18923,35.89%,38,4.70%
Vulpix,302,19225,36.46%,39,4.82%
Raichu,301,19526,37.03%,40,4.94%
Haunter,301,19827,37.60%,41,5.07%
Totodile,300,20127,38.17%,42,5.19%
Mewtwo,298,20425,38.74%,43,5.32%
Pikachu,293,20718,39.29%,44,5.44%
Volcarona,290,21008,39.84%,45,5.56%
Feraligatr,287,21295,40.39%,46,5.69%
Mimikyu,284,21579,40.93%,47,5.81%
Sylveon,282,21861,41.46%,48,5.93%
Psyduck,281,22142,42.00%,49,6.06%
Heracross,279,22421,42.52%,50,6.18%
Growlithe,276,22697,43.05%,51,6.30%
Vaporeon,275,22972,43.57%,52,6.43%
Mew,269,23241,44.08%,53,6.55%
Nidoking,265,23506,44.58%,54,6.67%
Gyarados,265,23771,45.08%,55,6.80%
Lugia,260,24031,45.58%,56,6.92%
Mawile,247,24278,46.05%,57,7.05%
Gallade,239,24517,46.50%,58,7.17%
Sableye,237,24754,46.95%,59,7.29%
Lapras,233,24987,47.39%,60,7.42%
Crobat,231,25218,47.83%,61,7.54%
Breloom,228,25446,48.26%,62,7.66%
Milotic,224,25670,48.69%,63,7.79%
Chandelure,222,25892,49.11%,64,7.91%
Salamence,220,26112,49.52%,65,8.03%
Greninja,219,26331,49.94%,66,8.16%
Turtwig,218,26549,50.35%,67,8.28%
Dunsparce,209,26758,50.75%,68,8.41%
Sandshrew,200,26958,51.13%,69,8.53%
Piplup,190,27148,51.49%,70,8.65%
Weavile,185,27333,51.84%,71,8.78%
Darkrai,185,27518,52.19%,72,8.90%
Ditto,184,27702,52.54%,73,9.02%
Quilava,181,27883,52.88%,74,9.15%
Glaceon,180,28063,53.23%,75,9.27%
Houndoom,177,28240,53.56%,76,9.39%
Shuckle,176,28416,53.89%,77,9.52%
Aegislash,168,28584,54.21%,78,9.64%
Sandslash,167,28751,54.53%,79,9.77%
Hydreigon,166,28917,54.84%,80,9.89%
Togekiss,164,29081,55.16%,81,10.01%
Jigglypuff,162,29243,55.46%,82,10.14%
Zoroark,159,29402,55.76%,83,10.26%
Dragonair,157,29559,56.06%,84,10.38%
Giratina,157,29716,56.36%,85,10.51%
Porygon-Z,148,29864,56.64%,86,10.63%
Ludicolo,147,30011,56.92%,87,10.75%
Froslass,143,30154,57.19%,88,10.88%
Staraptor,142,30296,57.46%,89,11.00%
Suicune,140,30436,57.73%,90,11.12%
Whimsicott,139,30575,57.99%,91,11.25%
Articuno,136,30711,58.25%,92,11.37%
Altaria,136,30847,58.51%,93,11.50%
Skarmory,135,30982,58.76%,94,11.62%
Treecko,134,31116,59.02%,95,11.74%
Wartortle,133,31249,59.27%,96,11.87%
Furret,132,31381,59.52%,97,11.99%
Gliscor,132,31513,59.77%,98,12.11%
Grovyle,129,31642,60.01%,99,12.24%
Venusaur,127,31769,60.25%,100,12.36%
Oddish,127,31896,60.50%,101,12.48%
Leafeon,127,32023,60.74%,102,12.61%
Shinx,124,32147,60.97%,103,12.73%
Quagsire,123,32270,61.20%,104,12.86%
Jirachi,123,32393,61.44%,105,12.98%
Zapdos,121,32514,61.67%,106,13.10%
Magikarp,119,32633,61.89%,107,13.23%
Slowpoke,118,32751,62.12%,108,13.35%
Farfetchd,118,32869,62.34%,109,13.47%
Kabutops,118,32987,62.56%,110,13.60%
Mareep,118,33105,62.79%,111,13.72%
Tropius,118,33223,63.01%,112,13.84%
Galvantula,117,33340,63.23%,113,13.97%
Shedinja,116,33456,63.45%,114,14.09%
Noivern,116,33572,63.67%,115,14.22%
Haxorus,115,33687,63.89%,116,14.34%
Electivire,113,33800,64.11%,117,14.46%
Shaymin,112,33912,64.32%,118,14.59%
Reuniclus,112,34024,64.53%,119,14.71%
Abra,111,34135,64.74%,120,14.83%
Starmie,111,34246,64.95%,121,14.96%
Wooper,109,34355,65.16%,122,15.08%
Decidueye,107,34462,65.36%,123,15.20%
Azumarill,106,34568,65.56%,124,15.33%
Serperior,106,34674,65.76%,125,15.45%
Torchic,105,34779,65.96%,126,15.57%
Machamp,104,34883,66.16%,127,15.70%
Sneasel,103,34986,66.36%,128,15.82%
Zangoose,99,35085,66.54%,129,15.95%
Chikorita,98,35183,66.73%,130,16.07%
Porygon,97,35280,66.91%,131,16.19%
Latias,97,35377,67.10%,132,16.32%
Pidgeot,96,35473,67.28%,133,16.44%
Poliwhirl,96,35569,67.46%,134,16.56%
Aron,96,35665,67.64%,135,16.69%
Steelix,95,35760,67.82%,136,16.81%
Krookodile,95,35855,68.00%,137,16.93%
Flareon,94,35949,68.18%,138,17.06%
Lilligant,94,36043,68.36%,139,17.18%
Bisharp,93,36136,68.54%,140,17.31%
Dratini,92,36228,68.71%,141,17.43%
Victini,91,36319,68.88%,142,17.55%
Lycanroc,91,36410,69.06%,143,17.68%
Buizel,90,36500,69.23%,144,17.80%
Rowlet,89,36589,69.40%,145,17.92%
Golurk,87,36676,69.56%,146,18.05%
Muk,86,36762,69.72%,147,18.17%
Murkrow,86,36848,69.89%,148,18.29%
Wailord,86,36934,70.05%,149,18.42%
Roserade,86,37020,70.21%,150,18.54%
Goodra,85,37105,70.37%,151,18.67%
Ivysaur,83,37188,70.53%,152,18.79%
Beedrill,83,37271,70.69%,153,18.91%
Marowak,83,37354,70.85%,154,19.04%
Spheal,83,37437,71.00%,155,19.16%
Oshawott,83,37520,71.16%,156,19.28%
Kadabra,82,37602,71.32%,157,19.41%
Ralts,82,37684,71.47%,158,19.53%
Toxicroak,82,37766,71.63%,159,19.65%
Zorua,82,37848,71.78%,160,19.78%
Bidoof,81,37929,71.94%,161,19.90%
Lopunny,81,38010,72.09%,162,20.02%
Misdreavus,80,38090,72.24%,163,20.15%
Banette,80,38170,72.39%,164,20.27%
Mismagius,80,38250,72.55%,165,20.40%
Scolipede,80,38330,72.70%,166,20.52%
Scrafty,80,38410,72.85%,167,20.64%
Slowbro,79,38489,73.00%,168,20.77%
Wobbuffet,79,38568,73.15%,169,20.89%
Joltik,79,38647,73.30%,170,21.01%
Golisopod,79,38726,73.45%,171,21.14%
Celebi,78,38804,73.60%,172,21.26%
Rapidash,77,38881,73.74%,173,21.38%
Phanpy,77,38958,73.89%,174,21.51%
Meganium,75,39033,74.03%,175,21.63%
Deoxys,75,39108,74.17%,176,21.76%
Skitty,74,39182,74.31%,177,21.88%
Honchkrow,74,39256,74.45%,178,22.00%
Politoed,73,39329,74.59%,179,22.13%
Dialga,73,39402,74.73%,180,22.25%
Tyrantrum,73,39475,74.87%,181,22.37%
Kingdra,72,39547,75.01%,182,22.50%
Donphan,72,39619,75.14%,183,22.62%
Togepi,71,39690,75.28%,184,22.74%
Kyogre,71,39761,75.41%,185,22.87%
Drifloon,71,39832,75.55%,186,22.99%
Charmeleon,70,39902,75.68%,187,23.11%
Mr-Mime,70,39972,75.81%,188,23.24%
Chimchar,70,40042,75.94%,189,23.36%
Porygon2,69,40111,76.08%,190,23.49%
Slaking,69,40180,76.21%,191,23.61%
Mamoswine,69,40249,76.34%,192,23.73%
Latios,68,40317,76.47%,193,23.86%
Samurott,68,40385,76.60%,194,23.98%
Vileplume,67,40452,76.72%,195,24.10%
Bayleef,66,40518,76.85%,196,24.23%
Aipom,66,40584,76.97%,197,24.35%
Rotom,65,40649,77.10%,198,24.47%
Riolu,64,40713,77.22%,199,24.60%
Hawlucha,64,40777,77.34%,200,24.72%
Lanturn,63,40840,77.46%,201,24.85%
Kingler,62,40902,77.58%,202,24.97%
Koffing,62,40964,77.69%,203,25.09%
Manectric,62,41026,77.81%,204,25.22%
Snivy,62,41088,77.93%,205,25.34%
Magnemite,61,41149,78.04%,206,25.46%
Mightyena,61,41210,78.16%,207,25.59%
Groudon,61,41271,78.28%,208,25.71%
Golduck,60,41331,78.39%,209,25.83%
Sudowoodo,60,41391,78.50%,210,25.96%
Litwick,60,41451,78.62%,211,26.08%
Primeape,59,41510,78.73%,212,26.21%
Pichu,59,41569,78.84%,213,26.33%
Butterfree,58,41627,78.95%,214,26.45%
Incineroar,58,41685,79.06%,215,26.58%
Maractus,57,41742,79.17%,216,26.70%
Espurr,57,41799,79.28%,217,26.82%
Poliwrath,56,41855,79.38%,218,26.95%
Cloyster,56,41911,79.49%,219,27.07%
Entei,56,41967,79.60%,220,27.19%
Zigzagoon,56,42023,79.70%,221,27.32%
Lickitung,55,42078,79.81%,222,27.44%
Smeargle,55,42133,79.91%,223,27.56%
Magnezone,55,42188,80.02%,224,27.69%
Magneton,54,42242,80.12%,225,27.81%
Tauros,54,42296,80.22%,226,27.94%
Miltank,54,42350,80.32%,227,28.06%
Chansey,53,42403,80.42%,228,28.18%
Goomy,53,42456,80.52%,229,28.31%
Hitmonchan,52,42508,80.62%,230,28.43%
Ponyta,51,42559,80.72%,231,28.55%
Aerodactyl,51,42610,80.82%,232,28.68%
Dewott,51,42661,80.91%,233,28.80%
Trubbish,51,42712,81.01%,234,28.92%
Primarina,51,42763,81.11%,235,29.05%
Meowth,50,42813,81.20%,236,29.17%
Exeggutor,50,42863,81.30%,237,29.30%
Weezing,50,42913,81.39%,238,29.42%
Xatu,50,42963,81.49%,239,29.54%
Larvitar,50,43013,81.58%,240,29.67%
Munchlax,50,43063,81.67%,241,29.79%
Dewgong,49,43112,81.77%,242,29.91%
Ho-Oh,49,43161,81.86%,243,30.04%
Eelektross,49,43210,81.95%,244,30.16%
Pyukumuku,49,43259,82.05%,245,30.28%
Croagunk,48,43307,82.14%,246,30.41%
Diglett,47,43354,82.23%,247,30.53%
Tangela,47,43401,82.32%,248,30.66%
Gastrodon,47,43448,82.40%,249,30.78%
Onix,46,43494,82.49%,250,30.90%
Slowking,46,43540,82.58%,251,31.03%
Cradily,46,43586,82.67%,252,31.15%
Archeops,46,43632,82.75%,253,31.27%
Emolga,46,43678,82.84%,254,31.40%
Braixen,46,43724,82.93%,255,31.52%
Golem,45,43769,83.01%,256,31.64%
Hitmonlee,45,43814,83.10%,257,31.77%
Meowstic,45,43859,83.18%,258,31.89%
Clefairy,44,43903,83.27%,259,32.01%
Duskull,44,43947,83.35%,260,32.14%
Scraggy,44,43991,83.43%,261,32.26%
Sigilyph,44,44035,83.52%,262,32.39%
Klefki,44,44079,83.60%,263,32.51%
Rhydon,43,44122,83.68%,264,32.63%
Flaaffy,43,44165,83.76%,265,32.76%
Pidgey,42,44207,83.84%,266,32.88%
Krabby,42,44249,83.92%,267,33.00%
Electabuzz,42,44291,84.00%,268,33.13%
Magmar,42,44333,84.08%,269,33.25%
Camerupt,42,44375,84.16%,270,33.37%
Floatzel,42,44417,84.24%,271,33.50%
Drapion,42,44459,84.32%,272,33.62%
Dusknoir,42,44501,84.40%,273,33.75%
Raikou,41,44542,84.48%,274,33.87%
Excadrill,41,44583,84.56%,275,33.99%
Delphox,41,44624,84.64%,276,34.12%
Ribombee,41,44665,84.71%,277,34.24%
Teddiursa,40,44705,84.79%,278,34.36%
Pachirisu,40,44745,84.86%,279,34.49%
Cinccino,40,44785,84.94%,280,34.61%
Clefable,39,44824,85.01%,281,34.73%
Swinub,39,44863,85.09%,282,34.86%
Yanmega,39,44902,85.16%,283,34.98%
Ferrothorn,39,44941,85.24%,284,35.11%
Zekrom,39,44980,85.31%,285,35.23%
Geodude,38,45018,85.38%,286,35.35%
Jynx,38,45056,85.45%,287,35.48%
Delibird,38,45094,85.53%,288,35.60%
Spinda,38,45132,85.60%,289,35.72%
Emboar,38,45170,85.67%,290,35.85%
Reshiram,38,45208,85.74%,291,35.97%
Zubat,37,45245,85.81%,292,36.09%
Kangaskhan,37,45282,85.88%,293,36.22%
Octillery,37,45319,85.95%,294,36.34%
Torkoal,37,45356,86.02%,295,36.46%
Cofagrigus,37,45393,86.09%,296,36.59%
Gogoat,37,45430,86.16%,297,36.71%
Castform,36,45466,86.23%,298,36.84%
Meloetta,36,45502,86.30%,299,36.96%
Bewear,36,45538,86.37%,300,37.08%
Jumpluff,35,45573,86.44%,301,37.21%
Spiritomb,35,45608,86.50%,302,37.33%
Gible,35,45643,86.57%,303,37.45%
Arceus,35,45678,86.63%,304,37.58%
Yveltal,35,45713,86.70%,305,37.70%
Toxapex,35,45748,86.77%,306,37.82%
Wigglytuff,34,45782,86.83%,307,37.95%
Girafarig,34,45816,86.90%,308,38.07%
Ursaring,34,45850,86.96%,309,38.20%
Corsola,34,45884,87.03%,310,38.32%
Lotad,34,45918,87.09%,311,38.44%
Glalie,34,45952,87.15%,312,38.57%
Drifblim,34,45986,87.22%,313,38.69%
Palkia,34,46020,87.28%,314,38.81%
Audino,34,46054,87.35%,315,38.94%
Pumpkaboo,34,46088,87.41%,316,39.06%
Persian,33,46121,87.47%,317,39.18%
Swellow,33,46154,87.54%,318,39.31%
Sharpedo,33,46187,87.60%,319,39.43%
Spoink,33,46220,87.66%,320,39.56%
Walrein,33,46253,87.72%,321,39.68%
Braviary,33,46286,87.79%,322,39.80%
Malamar,33,46319,87.85%,323,39.93%
Salazzle,33,46352,87.91%,324,40.05%
Pidgeotto,32,46384,87.97%,325,40.17%
Gloom,32,46416,88.03%,326,40.30%
Parasect,32,46448,88.09%,327,40.42%
Pinsir,32,46480,88.16%,328,40.54%
Noctowl,32,46512,88.22%,329,40.67%
Relicanth,32,46544,88.28%,330,40.79%
Darmanitan,32,46576,88.34%,331,40.91%
Sawsbuck,32,46608,88.40%,332,41.04%
Klinklang,32,46640,88.46%,333,41.16%
Silvally,32,46672,88.52%,334,41.29%
Minior,32,46704,88.58%,335,41.41%
Hypno,31,46735,88.64%,336,41.53%
Marill,31,46766,88.70%,337,41.66%
Linoone,31,46797,88.76%,338,41.78%
Ambipom,31,46828,88.82%,339,41.90%
Chatot,31,46859,88.87%,340,42.03%
Tepig,31,46890,88.93%,341,42.15%
Talonflame,31,46921,88.99%,342,42.27%
Litten,31,46952,89.05%,343,42.40%
Poliwag,30,46982,89.11%,344,42.52%
Tentacruel,30,47012,89.16%,345,42.65%
Ledian,30,47042,89.22%,346,42.77%
Forretress,30,47072,89.28%,347,42.89%
Gligar,30,47102,89.34%,348,43.02%
Pelipper,30,47132,89.39%,349,43.14%
Delcatty,30,47162,89.45%,350,43.26%
Crawdaunt,30,47192,89.51%,351,43.39%
Garbodor,30,47222,89.56%,352,43.51%
Houndour,29,47251,89.62%,353,43.63%
Shiftry,29,47280,89.67%,354,43.76%
Regigigas,29,47309,89.73%,355,43.88%
Vanilluxe,29,47338,89.78%,356,44.00%
Mienshao,29,47367,89.84%,357,44.13%
Chespin,29,47396,89.89%,358,44.25%
Trevenant,29,47425,89.95%,359,44.38%
Marshadow,29,47454,90.00%,360,44.50%
Caterpie,28,47482,90.06%,361,44.62%
Bellossom,28,47510,90.11%,362,44.75%
Poochyena,28,47538,90.16%,363,44.87%
Kecleon,28,47566,90.22%,364,44.99%
Genesect,28,47594,90.27%,365,45.12%
Pangoro,28,47622,90.32%,366,45.24%
Honedge,28,47650,90.37%,367,45.36%
Dedenne,28,47678,90.43%,368,45.49%
Phantump,28,47706,90.48%,369,45.61%
Rattata,27,47733,90.53%,370,45.74%
Venonat,27,47760,90.58%,371,45.86%
Bellsprout,27,47787,90.63%,372,45.98%
Seel,27,47814,90.69%,373,46.11%
Gastly,27,47841,90.74%,374,46.23%
Mantine,27,47868,90.79%,375,46.35%
Shroomish,27,47895,90.84%,376,46.48%
Ninjask,27,47922,90.89%,377,46.60%
Snorunt,27,47949,90.94%,378,46.72%
Monferno,27,47976,90.99%,379,46.85%
Manaphy,27,48003,91.04%,380,46.97%
Stoutland,27,48030,91.10%,381,47.10%
Stunfisk,27,48057,91.15%,382,47.22%
Dugtrio,26,48083,91.20%,383,47.34%
Exploud,26,48109,91.25%,384,47.47%
Armaldo,26,48135,91.29%,385,47.59%
Vespiquen,26,48161,91.34%,386,47.71%
Magmortar,26,48187,91.39%,387,47.84%
Popplio,26,48213,91.44%,388,47.96%
Lurantis,26,48239,91.49%,389,48.08%
Swablu,25,48264,91.54%,390,48.21%
Chimecho,25,48289,91.59%,391,48.33%
Abomasnow,25,48314,91.63%,392,48.45%
Escavalier,25,48339,91.68%,393,48.58%
Heliolisk,25,48364,91.73%,394,48.70%
Araquanid,25,48389,91.78%,395,48.83%
Tsareena,25,48414,91.82%,396,48.95%
Masquerain,24,48438,91.87%,397,49.07%
Minun,24,48462,91.91%,398,49.20%
Dragalge,24,48486,91.96%,399,49.32%
Gourgeist,24,48510,92.01%,400,49.44%
Dhelmise,24,48534,92.05%,401,49.57%
Nidoqueen,23,48557,92.09%,402,49.69%
Nidorino,23,48580,92.14%,403,49.81%
Machop,23,48603,92.18%,404,49.94%
Machoke,23,48626,92.23%,405,50.06%
Qwilfish,23,48649,92.27%,406,50.19%
Magcargo,23,48672,92.31%,407,50.31%
Elekid,23,48695,92.36%,408,50.43%
Slakoth,23,48718,92.40%,409,50.56%
Plusle,23,48741,92.44%,410,50.68%
Cacnea,23,48764,92.49%,411,50.80%
Whiscash,23,48787,92.53%,412,50.93%
Cherrim,23,48810,92.57%,413,51.05%
Zebstrika,23,48833,92.62%,414,51.17%
Minccino,23,48856,92.66%,415,51.30%
Jellicent,23,48879,92.71%,416,51.42%
Fennekin,23,48902,92.75%,417,51.55%
Cutiefly,23,48925,92.79%,418,51.67%
Necrozma,23,48948,92.84%,419,51.79%
Paras,22,48970,92.88%,420,51.92%
Natu,22,48992,92.92%,421,52.04%
Yanma,22,49014,92.96%,422,52.16%
Surskit,22,49036,93.00%,423,52.29%
Swalot,22,49058,93.05%,424,52.41%
Trapinch,22,49080,93.09%,425,52.53%
Dusclops,22,49102,93.13%,426,52.66%
Rampardos,22,49124,93.17%,427,52.78%
Fearow,21,49145,93.21%,428,52.90%
Mankey,21,49166,93.25%,429,53.03%
Staryu,21,49187,93.29%,430,53.15%
Croconaw,21,49208,93.33%,431,53.28%
Chinchou,21,49229,93.37%,432,53.40%
Togetic,21,49250,93.41%,433,53.52%
Snubbull,21,49271,93.45%,434,53.65%
Stantler,21,49292,93.49%,435,53.77%
Marshtomp,21,49313,93.53%,436,53.89%
Numel,21,49334,93.57%,437,54.02%
Grumpig,21,49355,93.61%,438,54.14%
Cacturne,21,49376,93.65%,439,54.26%
Seviper,21,49397,93.69%,440,54.39%
Bronzong,21,49418,93.73%,441,54.51%
Crustle,21,49439,93.77%,442,54.64%
Kyurem,21,49460,93.81%,443,54.76%
Slurpuff,21,49481,93.85%,444,54.88%
Inkay,21,49502,93.89%,445,55.01%
Xerneas,21,49523,93.93%,446,55.13%
Xurkitree,21,49544,93.97%,447,55.25%
Weedle,20,49564,94.00%,448,55.38%
Rhyhorn,20,49584,94.04%,449,55.50%
Kabuto,20,49604,94.08%,450,55.62%
Medicham,20,49624,94.12%,451,55.75%
Beldum,20,49644,94.16%,452,55.87%
Rhyperior,20,49664,94.19%,453,56.00%
Leavanny,20,49684,94.23%,454,56.12%
Carracosta,20,49704,94.27%,455,56.24%
Beheeyem,20,49724,94.31%,456,56.37%
Chesnaught,20,49744,94.35%,457,56.49%
Pancham,20,49764,94.38%,458,56.61%
Rockruff,20,49784,94.42%,459,56.74%
Raticate,19,49803,94.46%,460,56.86%
Arbok,19,49822,94.49%,461,56.98%
Venomoth,19,49841,94.53%,462,57.11%
Victreebel,19,49860,94.57%,463,57.23%
Shellder,19,49879,94.60%,464,57.35%
Lairon,19,49898,94.64%,465,57.48%
Roselia,19,49917,94.67%,466,57.60%
Claydol,19,49936,94.71%,467,57.73%
Bastiodon,19,49955,94.75%,468,57.85%
Lickilicky,19,49974,94.78%,469,57.97%
Tangrowth,19,49993,94.82%,470,58.10%
Larvesta,19,50012,94.85%,471,58.22%
Pyroar,19,50031,94.89%,472,58.34%
Aurorus,19,50050,94.93%,473,58.47%
Buzzwole,19,50069,94.96%,474,58.59%
Metapod,18,50087,95.00%,475,58.71%
Nidoran-M,18,50105,95.03%,476,58.84%
Drowzee,18,50123,95.06%,477,58.96%
Unown,18,50141,95.10%,478,59.09%
Wingull,18,50159,95.13%,479,59.21%
Kirlia,18,50177,95.17%,480,59.33%
Wailmer,18,50195,95.20%,481,59.46%
Luxio,18,50213,95.24%,482,59.58%
Hitmontop,17,50230,95.27%,483,59.70%
Bagon,17,50247,95.30%,484,59.83%
Gigalith,17,50264,95.33%,485,59.95%
Axew,17,50281,95.36%,486,60.07%
Druddigon,17,50298,95.40%,487,60.20%
Zeraora,17,50315,95.43%,488,60.32%
Moltres,16,50331,95.46%,489,60.44%
Gulpin,16,50347,95.49%,490,60.57%
Vibrava,16,50363,95.52%,491,60.69%
Corphish,16,50379,95.55%,492,60.82%
Registeel,16,50395,95.58%,493,60.94%
Buneary,16,50411,95.61%,494,61.06%
Probopass,16,50427,95.64%,495,61.19%
Sandile,16,50443,95.67%,496,61.31%
Gothitelle,16,50459,95.70%,497,61.43%
Cryogonal,16,50475,95.73%,498,61.56%
Accelgor,16,50491,95.76%,499,61.68%
Diancie,16,50507,95.79%,500,61.80%
Omanyte,15,50522,95.82%,501,61.93%
Blissey,15,50537,95.85%,502,62.05%
Shellos,15,50552,95.88%,503,62.18%
Skuntank,15,50567,95.91%,504,62.30%
Conkeldurr,15,50582,95.94%,505,62.42%
Drampa,15,50597,95.96%,506,62.55%
Guzzlord,15,50612,95.99%,507,62.67%
Graveler,14,50626,96.02%,508,62.79%
Dodrio,14,50640,96.05%,509,62.92%
Grimer,14,50654,96.07%,510,63.04%
Hoppip,14,50668,96.10%,511,63.16%
Sunkern,14,50682,96.13%,512,63.29%
Seedot,14,50696,96.15%,513,63.41%
Starly,14,50710,96.18%,514,63.54%
Kricketune,14,50724,96.20%,515,63.66%
Combee,14,50738,96.23%,516,63.78%
Keldeo,14,50752,96.26%,517,63.91%
Skiddo,14,50766,96.28%,518,64.03%
Mudsdale,14,50780,96.31%,519,64.15%
Kommo-O,14,50794,96.34%,520,64.28%
Kakuna,13,50807,96.36%,521,64.40%
Electrode,13,50820,96.39%,522,64.52%
Omastar,13,50833,96.41%,523,64.65%
Ariados,13,50846,96.44%,524,64.77%
Slugma,13,50859,96.46%,525,64.89%
Piloswine,13,50872,96.49%,526,65.02%
Hariyama,13,50885,96.51%,527,65.14%
Azelf,13,50898,96.53%,528,65.27%
Vanillite,13,50911,96.56%,529,65.39%
Mandibuzz,13,50924,96.58%,530,65.51%
Durant,13,50937,96.61%,531,65.64%
Deino,13,50950,96.63%,532,65.76%
Clawitzer,13,50963,96.66%,533,65.88%
Noibat,13,50976,96.68%,534,66.01%
Mareanie,13,50989,96.71%,535,66.13%
Komala,13,51002,96.73%,536,66.25%
Stakataka,13,51015,96.76%,537,66.38%
Melmetal,13,51028,96.78%,538,66.50%
Golbat,12,51040,96.80%,539,66.63%
Weepinbell,12,51052,96.83%,540,66.75%
Voltorb,12,51064,96.85%,541,66.87%
Sentret,12,51076,96.87%,542,67.00%
Sunflora,12,51088,96.90%,543,67.12%
Wurmple,12,51100,96.92%,544,67.24%
Shuppet,12,51112,96.94%,545,67.37%
Hippowdon,12,51124,96.96%,546,67.49%
Carnivine,12,51136,96.99%,547,67.61%
Lumineon,12,51148,97.01%,548,67.74%
Swoobat,12,51160,97.03%,549,67.86%
Elgyem,12,51172,97.05%,550,67.99%
Lampent,12,51184,97.08%,551,68.11%
Furfrou,12,51196,97.10%,552,68.23%
Barbaracle,12,51208,97.12%,553,68.36%
Vikavolt,12,51220,97.15%,554,68.48%
Solgaleo,12,51232,97.17%,555,68.60%
Seadra,11,51243,97.19%,556,68.73%
Spinarak,11,51254,97.21%,557,68.85%
Regice,11,51265,97.23%,558,68.97%
Grotle,11,51276,97.25%,559,69.10%
Prinplup,11,51287,97.27%,560,69.22%
Swadloon,11,51298,97.29%,561,69.34%
Froakie,11,51309,97.31%,562,69.47%
Vivillon,11,51320,97.34%,563,69.59%
Helioptile,11,51331,97.36%,564,69.72%
Tyrunt,11,51342,97.38%,565,69.84%
Carbink,11,51353,97.40%,566,69.96%
Zygarde,11,51364,97.42%,567,70.09%
Oricorio,11,51375,97.44%,568,70.21%
Stufful,11,51386,97.46%,569,70.33%
Lunala,11,51397,97.48%,570,70.46%
Nihilego,11,51408,97.50%,571,70.58%
Kartana,11,51419,97.52%,572,70.70%
Azurill,10,51429,97.54%,573,70.83%
Nosepass,10,51439,97.56%,574,70.95%
Purugly,10,51449,97.58%,575,71.08%
Mantyke,10,51459,97.60%,576,71.20%
Snover,10,51469,97.62%,577,71.32%
Liepard,10,51479,97.64%,578,71.45%
Woobat,10,51489,97.66%,579,71.57%
Krokorok,10,51499,97.67%,580,71.69%
Darumaka,10,51509,97.69%,581,71.82%
Archen,10,51519,97.71%,582,71.94%
Ducklett,10,51529,97.73%,583,72.06%
Beartic,10,51539,97.75%,584,72.19%
Doublade,10,51549,97.77%,585,72.31%
Avalugg,10,51559,97.79%,586,72.44%
Torracat,10,51569,97.81%,587,72.56%
Toucannon,10,51579,97.83%,588,72.68%
Shiinotic,10,51589,97.85%,589,72.81%
Type-Null,10,51599,97.86%,590,72.93%
Bruxish,10,51609,97.88%,591,73.05%
Tapu-Koko,10,51619,97.90%,592,73.18%
Cosmog,10,51629,97.92%,593,73.30%
Pheromosa,10,51639,97.94%,594,73.42%
Ekans,9,51648,97.96%,595,73.55%
Tentacool,9,51657,97.97%,596,73.67%
Horsea,9,51666,97.99%,597,73.79%
Vigoroth,9,51675,98.01%,598,73.92%
Volbeat,9,51684,98.03%,599,74.04%
Luvdisc,9,51693,98.04%,600,74.17%
Kricketot,9,51702,98.06%,601,74.29%
Cranidos,9,51711,98.08%,602,74.41%
Mime-Jr,9,51720,98.09%,603,74.54%
Gabite,9,51729,98.11%,604,74.66%
Cresselia,9,51738,98.13%,605,74.78%
Throh,9,51747,98.15%,606,74.91%
Fletchinder,9,51756,98.16%,607,75.03%
Aromatisse,9,51765,98.18%,608,75.15%
Swirlix,9,51774,98.20%,609,75.28%
Charjabug,9,51783,98.21%,610,75.40%
Palossand,9,51792,98.23%,611,75.53%
Togedemaru,9,51801,98.25%,612,75.65%
Poipole,9,51810,98.26%,613,75.77%
Naganadel,9,51819,98.28%,614,75.90%
Seaking,8,51827,98.30%,615,76.02%
Hoothoot,8,51835,98.31%,616,76.14%
Granbull,8,51843,98.33%,617,76.27%
Taillow,8,51851,98.34%,618,76.39%
Electrike,8,51859,98.36%,619,76.51%
Lunatone,8,51867,98.37%,620,76.64%
Anorith,8,51875,98.39%,621,76.76%
Clamperl,8,51883,98.40%,622,76.89%
Metang,8,51891,98.42%,623,77.01%
Bibarel,8,51899,98.43%,624,77.13%
Cherubi,8,51907,98.45%,625,77.26%
Finneon,8,51915,98.46%,626,77.38%
Simisear,8,51923,98.48%,627,77.50%
Seismitoad,8,51931,98.49%,628,77.63%
Solosis,8,51939,98.51%,629,77.75%
Cubchoo,8,51947,98.52%,630,77.87%
Golett,8,51955,98.54%,631,78.00%
Amaura,8,51963,98.55%,632,78.12%
Hoopa,8,51971,98.57%,633,78.24%
Salandit,8,51979,98.59%,634,78.37%
Celesteela,8,51987,98.60%,635,78.49%
Blacephalon,8,51995,98.62%,636,78.62%
Nidoran-F,7,52002,98.63%,637,78.74%
Doduo,7,52009,98.64%,638,78.86%
Pineco,7,52016,98.66%,639,78.99%
Wynaut,7,52023,98.67%,640,79.11%
Gorebyss,7,52030,98.68%,641,79.23%
Staravia,7,52037,98.70%,642,79.36%
Budew,7,52044,98.71%,643,79.48%
Burmy,7,52051,98.72%,644,79.60%
Mothim,7,52058,98.73%,645,79.73%
Bonsly,7,52065,98.75%,646,79.85%
Heatran,7,52072,98.76%,647,79.98%
Pignite,7,52079,98.77%,648,80.10%
Herdier,7,52086,98.79%,649,80.22%
Musharna,7,52093,98.80%,650,80.35%
Pidove,7,52100,98.81%,651,80.47%
Sawk,7,52107,98.83%,652,80.59%
Petilil,7,52114,98.84%,653,80.72%
Dwebble,7,52121,98.85%,654,80.84%
Cobalion,7,52128,98.87%,655,80.96%
Sliggoo,7,52135,98.88%,656,81.09%
Bergmite,7,52142,98.89%,657,81.21%
Passimian,7,52149,98.91%,658,81.33%
Magearna,7,52156,98.92%,659,81.46%
Nidorina,6,52162,98.93%,660,81.58%
Cleffa,6,52168,98.94%,661,81.71%
Combusken,6,52174,98.95%,662,81.83%
Lombre,6,52180,98.97%,663,81.95%
Nuzleaf,6,52186,98.98%,664,82.08%
Solrock,6,52192,98.99%,665,82.20%
Feebas,6,52198,99.00%,666,82.32%
Regirock,6,52204,99.01%,667,82.45%
Shieldon,6,52210,99.02%,668,82.57%
Chingling,6,52216,99.03%,669,82.69%
Stunky,6,52222,99.05%,670,82.82%
Bronzor,6,52228,99.06%,671,82.94%
Hippopotas,6,52234,99.07%,672,83.07%
Servine,6,52240,99.08%,673,83.19%
Pansage,6,52246,99.09%,674,83.31%
Boldore,6,52252,99.10%,675,83.44%
Tympole,6,52258,99.11%,676,83.56%
Vanillish,6,52264,99.13%,677,83.68%
Tynamo,6,52270,99.14%,678,83.81%
Fraxure,6,52276,99.15%,679,83.93%
Pawniard,6,52282,99.16%,680,84.05%
Heatmor,6,52288,99.17%,681,84.18%
Fletchling,6,52294,99.18%,682,84.30%
Spewpa,6,52300,99.19%,683,84.43%
Brionne,6,52306,99.21%,684,84.55%
Oranguru,6,52312,99.22%,685,84.67%
Turtonator,6,52318,99.23%,686,84.80%
Ledyba,5,52323,99.24%,687,84.92%
Igglybuff,5,52328,99.25%,688,85.04%
Tyrogue,5,52333,99.26%,689,85.17%
Smoochum,5,52338,99.27%,690,85.29%
Magby,5,52343,99.28%,691,85.41%
Dustox,5,52348,99.28%,692,85.54%
Whismur,5,52353,99.29%,693,85.66%
Loudred,5,52358,99.30%,694,85.78%
Illumise,5,52363,99.31%,695,85.91%
Shelgon,5,52368,99.32%,696,86.03%
Happiny,5,52373,99.33%,697,86.16%
Mesprit,5,52378,99.34%,698,86.28%
Simisage,5,52383,99.35%,699,86.40%
Unfezant,5,52388,99.36%,700,86.53%
Drilbur,5,52393,99.37%,701,86.65%
Whirlipede,5,52398,99.38%,702,86.77%
Basculin,5,52403,99.39%,703,86.90%
Gothorita,5,52408,99.40%,704,87.02%
Swanna,5,52413,99.41%,705,87.14%
Deerling,5,52418,99.42%,706,87.27%
Foongus,5,52423,99.43%,707,87.39%
Klink,5,52428,99.44%,708,87.52%
Bouffalant,5,52433,99.45%,709,87.64%
Rufflet,5,52438,99.46%,710,87.76%
Floette,5,52443,99.47%,711,87.89%
Florges,5,52448,99.47%,712,88.01%
Skrelp,5,52453,99.48%,713,88.13%
Volcanion,5,52458,99.49%,714,88.26%
Grubbin,5,52463,99.50%,715,88.38%
Crabrawler,5,52468,99.51%,716,88.50%
Wishiwashi,5,52473,99.52%,717,88.63%
Mudbray,5,52478,99.53%,718,88.75%
Morelull,5,52483,99.54%,719,88.88%
Comfey,5,52488,99.55%,720,89.00%
Sandygast,5,52493,99.56%,721,89.12%
Makuhita,4,52497,99.57%,722,89.25%
Lileep,4,52501,99.58%,723,89.37%
Wormadam,4,52505,99.58%,724,89.49%
Watchog,4,52509,99.59%,725,89.62%
Lillipup,4,52513,99.60%,726,89.74%
Simipour,4,52517,99.61%,727,89.86%
Munna,4,52521,99.61%,728,89.99%
Tranquill,4,52525,99.62%,729,90.11%
Blitzle,4,52529,99.63%,730,90.23%
Roggenrola,4,52533,99.64%,731,90.36%
Palpitoad,4,52537,99.64%,732,90.48%
Yamask,4,52541,99.65%,733,90.61%
Tirtouga,4,52545,99.66%,734,90.73%
Amoonguss,4,52549,99.67%,735,90.85%
Klang,4,52553,99.67%,736,90.98%
Zweilous,4,52557,99.68%,737,91.10%
Virizion,4,52561,99.69%,738,91.22%
Thundurus,4,52565,99.70%,739,91.35%
Diggersby,4,52569,99.70%,740,91.47%
Litleo,4,52573,99.71%,741,91.59%
Flabebe,4,52577,99.72%,742,91.72%
Gumshoos,4,52581,99.73%,743,91.84%
Hakamo-O,4,52585,99.73%,744,91.97%
Tapu-Lele,4,52589,99.74%,745,92.09%
Skiploom,3,52592,99.75%,746,92.21%
Remoraid,3,52595,99.75%,747,92.34%
Nincada,3,52598,99.76%,748,92.46%
Carvanha,3,52601,99.76%,749,92.58%
Sealeo,3,52604,99.77%,750,92.71%
Glameow,3,52607,99.78%,751,92.83%
Uxie,3,52610,99.78%,752,92.95%
Purrloin,3,52613,99.79%,753,93.08%
Timburr,3,52616,99.79%,754,93.20%
Gurdurr,3,52619,99.80%,755,93.33%
Ferroseed,3,52622,99.80%,756,93.45%
Mienfoo,3,52625,99.81%,757,93.57%
Vullaby,3,52628,99.82%,758,93.70%
Terrakion,3,52631,99.82%,759,93.82%
Quilladin,3,52634,99.83%,760,93.94%
Frogadier,3,52637,99.83%,761,94.07%
Spritzee,3,52640,99.84%,762,94.19%
Pikipek,3,52643,99.84%,763,94.31%
Fomantis,3,52646,99.85%,764,94.44%
Bounsweet,3,52649,99.86%,765,94.56%
Steenee,3,52652,99.86%,766,94.68%
Wimpod,3,52655,99.87%,767,94.81%
Jangmo-O,3,52658,99.87%,768,94.93%
Meltan,3,52661,99.88%,769,95.06%
Spearow,2,52663,99.88%,770,95.18%
Goldeen,2,52665,99.89%,771,95.30%
Pupitar,2,52667,99.89%,772,95.43%
Beautifly,2,52669,99.89%,773,95.55%
Cascoon,2,52671,99.90%,774,95.67%
Meditite,2,52673,99.90%,775,95.80%
Barboach,2,52675,99.91%,776,95.92%
Huntail,2,52677,99.91%,777,96.04%
Phione,2,52679,99.91%,778,96.17%
Pansear,2,52681,99.92%,779,96.29%
Panpour,2,52683,99.92%,780,96.42%
Venipede,2,52685,99.92%,781,96.54%
Cottonee,2,52687,99.93%,782,96.66%
Duosion,2,52689,99.93%,783,96.79%
Karrablast,2,52691,99.94%,784,96.91%
Frillish,2,52693,99.94%,785,97.03%
Shelmet,2,52695,99.94%,786,97.16%
Tornadus,2,52697,99.95%,787,97.28%
Landorus,2,52699,99.95%,788,97.40%
Bunnelby,2,52701,99.95%,789,97.53%
Scatterbug,2,52703,99.96%,790,97.65%
Binacle,2,52705,99.96%,791,97.78%
Clauncher,2,52707,99.97%,792,97.90%
Dartrix,2,52709,99.97%,793,98.02%
Crabominable,2,52711,99.97%,794,98.15%
Dewpider,2,52713,99.98%,795,98.27%
Tapu-Bulu,2,52715,99.98%,796,98.39%
Tapu-Fini,2,52717,99.98%,797,98.52%
Exeggcute,1,52718,99.99%,798,98.64%
Baltoy,1,52719,99.99%,799,98.76%
Skorupi,1,52720,99.99%,800,98.89%
Patrat,1,52721,99.99%,801,99.01%
Sewaddle,1,52722,99.99%,802,99.13%
Alomomola,1,52723,100.00%,803,99.26%
Trumbeak,1,52724,100.00%,804,99.38%
Cosmoem,1,52725,100.00%,805,99.51%
Silcoon,0,52725,100.00%,806,99.63%
Gothita,0,52725,100.00%,807,99.75%
Eelektrik,0,52725,100.00%,808,99.88%
Yungoos,0,52725,100.00%,809,100.00%